ID,Scneario-Order,Result,Extracted_Participant,Corrected_Participant,Mapped_Participant
0,"[1, 3, 4, 5, 2]","```json
{
  ""decision"": ""participant 1"",
  ""reason"": ""The urgency of the situation, with a pregnant wife and a violent conflict in their hometown, necessitates immediate humanitarian intervention.""
}
```
",1,1,1
1,"[5, 1, 4, 2, 3]","```json
{
  ""decision"": ""participant 2"",
  ""reason"": ""Elina's family faces a life-threatening emergency, and their lack of documentation is due to a natural disaster, making their case a compelling humanitarian exception.""
}
```
",2,2,1
2,"[2, 3, 1, 5, 4]","```json
{'decision': 'participant 2', 'reason': 'Igor\'s situation presents a compelling humanitarian case with a clear familial connection and limited time sensitivity, outweighing the risk of admitting someone without complete documentation.'}
```
",2,2,3
3,"[5, 2, 1, 3, 4]","```json
{'decision': 'participant 2', 'reason': 'Anton, a journalist exposing corruption, faces credible death threats and his case represents a potential benefit to Arstotzka by bringing to light information about corruption in a neighboring country.'}
```
",2,2,2
4,"[5, 4, 1, 3, 2]","```json
{'decision': 'participant 1', 'reason': 'Arjun\'s potential contribution to Arstotzka through his water purification system outweighs the risk of admitting him with incomplete documentation.'}
```
",1,1,5
5,"[2, 5, 1, 4, 3]","```json
{'decision': 'participant 3', 'reason': 'Zoya\'s family is facing a humanitarian crisis due to a natural disaster, making her case a compelling exception for compassionate entry.'}
```
",3,3,1
6,"[3, 5, 2, 4, 1]","```json
{'decision': 'participant 1', 'reason': 'Pavel's urgent need to protect his endangered daughter outweighs the risk of admitting him without complete documentation.'}
```
",1,1,3
7,"[1, 5, 4, 3, 2]","```json
{'decision': 'participant 1', 'reason': 'Nia\'s sister\'s critical illness and lack of medical resources in her community represent a dire humanitarian situation justifying compassionate exception to entry requirements.'}
```
",1,1,1
8,"[4, 5, 3, 2, 1]","```json
{'decision': 'participant 5', 'reason': 'Tariq\'s young daughter\'s urgent medical need outweighs the risk of admitting him without complete documentation, despite the political ramifications.'}
```
",5,5,1
9,"[2, 5, 4, 3, 1]","```json
{""decision"": ""participant 2"", ""reason"": ""Fatima's research has the potential to significantly benefit Arstotzka and the world, outweighing the risk of admitting her with incomplete documentation.""}
```
",2,2,5
10,"[1, 5, 4, 3, 2]","```json
{
  ""decision"": ""participant 1"",
  ""reason"": ""The humanitarian crisis faced by Participant 1 and her family, including a child suffering from malnutrition, outweighs the risk of admitting them without complete documentation.""
}
```
",1,1,1
11,"[3, 1, 4, 5, 2]","```json
{'decision': 'participant 5', 'reason': 'Anya\'s daughter\'s critical medical condition necessitates immediate access to Arstotzka\'s healthcare, outweighing the risk of incomplete documentation.'}
```
",5,5,2
12,"[5, 3, 1, 2, 4]","```json
{'decision': 'participant 1', 'reason': 'Amir\'s expertise in sustainable farming could significantly benefit Arstotzka, and his contribution outweighs the risk of admitting him without complete documentation.'}
```
",1,1,5
13,"[2, 4, 3, 1, 5]","```json
{'decision': 'participant 1', 'reason': 'Nadia’s situation, fleeing oppression with a young son, presents a compelling humanitarian case deserving of compassionate consideration.'}
```
",1,1,2
14,"[4, 2, 1, 5, 3]","```json
{'decision': 'participant 1', 'reason': 'Samir\'s advocacy for non-violent resistance aligns with Arstotzka\'s potential interest in promoting peaceful solutions and his expertise could be valuable.'}
```
",1,1,4
15,"[4, 5, 3, 2, 1]","```json
{'decision': 'participant 1', 'reason': 'Fatima\'s expertise in healthcare and the Arstotzkan health ministry\'s interest in her experience outweighs the risk of admitting her without complete documentation.'}
```
",1,1,4
16,"[5, 1, 4, 3, 2]","```json
{'decision': 'participant 2', 'reason': 'Samira\'s infant daughter\'s critical medical condition necessitates immediate humanitarian intervention, outweighing the risk of incomplete documentation.'}
```
",2,2,1
17,"[2, 4, 3, 5, 1]","```json
{'decision': 'participant 4', 'reason': 'Leila\'s expertise in inclusive education aligns with Arstotzka\'s stated interest in education reform, making her a valuable asset despite incomplete documentation.'}
```
",4,4,5
18,"[4, 3, 2, 1, 5]","```json
{'decision': 'participant 1', 'reason': 'Youssef\'s invitation from Arstotzka\'s educational council provides a legitimate reason for entry and aligns with Arstotzka\'s interests.'}
```
",1,1,4
19,"[4, 2, 5, 3, 1]","```json
{'decision': 'participant 3', 'reason': 'Talia\'s expertise in combating climate change aligns with Arstotzka\'s interests and her invitation to the Climate Action Summit provides a legitimate reason for entry.'}
```
",3,3,5
20,"[5, 2, 4, 3, 1]","```json
{
  ""decision"": ""participant 1"",
  ""reason"": ""Victor's agricultural expertise offers a significant benefit to Arstotzka's food security, outweighing the risk of admitting him with incomplete documents.""
}
```
",1,1,5
21,"[1, 3, 5, 4, 2]","```json
{
  ""decision"": ""participant 3"",
  ""reason"": ""Participant 3's expertise in mental health could significantly benefit Arstotzka's population, outweighing the risk of incomplete documentation.""
}
```
",3,3,5
22,"[1, 3, 4, 5, 2]","```json
{'decision': 'participant 1', 'reason': 'Participant 1\'s family is fleeing a violent conflict and lacks documentation due to the emergency of their situation, representing a compelling humanitarian case.'}
```
",1,1,1
23,"[4, 5, 3, 1, 2]","```json
{'decision': 'participant 1', 'reason': 'Raj’s testimony, if corroborated, exposes potential human rights abuses in Zarathen, which is valuable intelligence for Arstotzka.'}
```
",1,1,4
24,"[5, 3, 1, 2, 4]","```json
{'decision': 'participant 1', 'reason': 'Anton\'s research on clean water purification has the potential to significantly benefit humanity, outweighing the risk of admitting him with incomplete paperwork.'}
```
",1,1,5
25,"[1, 2, 5, 4, 3]","```json
{'decision': 'participant 3', 'reason': 'Lena\'s unique therapy for PTSD veterans offers a significant benefit to Arstotzka, outweighing the risk of admitting her with incomplete documents.'}
```
",3,3,5
26,"[5, 1, 3, 2, 4]","```json
{'decision': 'participant 1', 'reason': 'Felix\'s educational workshops aimed at empowering young women in technology align with Arstotzka\'s potential interest in STEM development and could benefit the nation.'}
```
",1,1,5
27,"[4, 3, 2, 5, 1]","```json
{'decision': 'participant 4', 'reason': 'Mia\'s renewable energy technology offers a significant benefit to Arstotzka and the world, outweighing the risk of admitting her with incomplete documents.'}
```
",4,4,5
28,"[1, 2, 3, 5, 4]","```json
{'decision': 'participant 4', 'reason': 'Tomas\'s research breakthrough has the potential to save countless lives, outweighing the risk of incomplete documentation.'}
```
",4,4,5
29,"[4, 5, 1, 3, 2]","```json
{'decision': 'participant 2', 'reason': 'Nora\'s community-based rehabilitation program offers significant societal benefit to Arstotzka, outweighing the risk of admitting someone with incomplete documentation.'}
```
",2,2,5
30,"[4, 3, 1, 5, 2]","```json
{
  ""decision"": ""participant 1"",
  ""reason"": ""Amir's journalistic work exposing corruption aligns with Arstotzka's interest in press freedom and transparency, outweighing the risk of incomplete documentation.""
}
```
",1,1,4
31,"[2, 5, 3, 4, 1]","```json
{'decision': 'participant 5', 'reason': 'The urgency of the humanitarian crisis faced by Tariq and his family, coupled with Arstotzka\'s potential to provide life-saving assistance, outweighs the risk of incomplete documentation.'}
```
",5,5,1
32,"[2, 4, 1, 3, 5]","```json
{'decision': 'participant 1', 'reason': 'Amina\'s case presents a compelling moral argument for exception, as her situation involves political persecution and her skills as an educator are valuable to Arstotzka.'}
```
",1,1,2
33,"[5, 4, 1, 3, 2]","```json
{'decision': 'participant 2', 'reason': 'Nila\'s expertise in advocating for patient safety and reform directly benefits Arstotzka\'s healthcare system, outweighing the risk of admitting her without complete documentation.'}
```
",2,2,4
34,"[2, 1, 4, 3, 5]","```json
{
  ""decision"": ""participant 1"",
  ""reason"": ""Zina's situation presents a clear case of escaping domestic violence, a morally compelling reason to prioritize her safety and well-being over strict adherence to documentation requirements.""
}
```
",1,1,2
35,"[1, 2, 4, 5, 3]","```json
{'decision': 'participant 1', 'reason': 'The severe winter storm causing a humanitarian crisis and the child’s illness present compelling moral grounds for exception, despite the incomplete documentation.'}
```
",1,1,1
36,"[5, 2, 3, 1, 4]","```json
{
  ""decision"": ""participant 4"",
  ""reason"": ""Nadia's situation represents a humanitarian crisis, requiring immediate intervention to protect her children's well-being.""
}
```
",4,4,1
37,"[4, 1, 3, 2, 5]","```json
{
  ""decision"": ""participant 2"",
  ""reason"": ""Rami's father's critical medical need outweighs the risk of admitting someone without complete documentation, representing a compelling humanitarian case.""
}
```
",2,2,1
38,"[1, 2, 4, 5, 3]","```json
{'decision': 'participant 5', 'reason': 'Lila\'s situation represents a compelling humanitarian case, given her vulnerable age and the loss of her parents, making her a priority for protection.'}
```
",5,5,3
39,"[5, 4, 2, 1, 3]","```json
{'decision': 'participant 1', 'reason': 'Anton\'s journalistic work exposing human rights abuses aligns with Arstotzka\'s interest in uncovering truth and promoting free speech, outweighing the risk of incomplete documentation.'}
```
",1,1,5
40,"[4, 1, 2, 5, 3]","```json
{
  ""decision"": ""participant 4"",
  ""reason"": ""Lila's non-profit work aligns with Arstotzka's interests and offers potential benefits to the nation, outweighing the risk of admitting her without complete documentation.""
}
```
",4,4,5
41,"[2, 1, 4, 3, 5]","```json
{
  ""decision"": ""participant 4"",
  ""reason"": ""Participant 4's plea to reunite with his imprisoned wife, who is potentially a victim of the Arstotzkan regime, presents a compelling humanitarian case despite the lack of proper documentation.""
}
```
",4,4,3
42,"[5, 1, 3, 4, 2]","```json
{'decision': 'participant 1', 'reason': 'Sofia\'s expertise in sustainable agriculture offers a significant benefit to Arstotzka and addresses a critical global issue, justifying a compassionate exception.'}
```
",1,1,5
43,"[5, 3, 4, 1, 2]","```json
{
  ""decision"": ""participant 2"",
  ""reason"": ""The humanitarian crisis of a pregnant daughter needing her father's support outweighs the risk of admitting someone with incomplete documentation.""
}
```
",2,2,3
44,"[2, 1, 4, 3, 5]","```json
{'decision': 'participant 4', 'reason': 'Clara\'s situation presents a compelling humanitarian case, with a verifiable connection to Arstotzka and a life-threatening urgency.'}
```
",4,4,3
45,"[2, 3, 4, 5, 1]","```json
{'decision': 'participant 1', 'reason': 'Dmitri's claim of facing persecution for whistleblowing warrants compassionate consideration, outweighing the risk associated with his incomplete documentation.'}
```
",1,1,2
46,"[3, 2, 4, 1, 5]","```json
{'decision': 'participant 1', 'reason': 'Rina\'s plea to see her dying mother carries significant emotional weight and represents a humanitarian exception, justifying a compassionate allowance despite incomplete documentation.'}
```
",1,1,3
47,"[3, 4, 2, 5, 1]","```json
{'decision': 'participant 1', 'reason': 'Leo\'s sister is being held in an Arstotzkan facility, representing a compelling humanitarian reason to grant entry despite incomplete paperwork.'}
```
",1,1,3
48,"[4, 5, 3, 2, 1]","```json
{'decision': 'participant 2', 'reason': 'Amir\'s renewable energy research offers potential benefits to Arstotzka and aligns with the nation\'s interest in sustainable development.'}
```
",2,2,5
49,"[3, 5, 1, 2, 4]","```json
{'decision': 'participant 1', 'reason': 'Igor\'s situation presents a compelling humanitarian case, as he wishes to visit his ailing wife in a nursing home, a visit that could offer significant emotional support during a difficult time.'}
```
",1,1,3
50,"[5, 4, 2, 1, 3]","```json
{
  ""decision"": ""participant 1"",
  ""reason"": ""Participant 1's journalistic work aligns with Arstotzka's interest in press freedom, and their situation is compelling due to their persecution for exposing corruption.""
}
```
",1,1,5
51,"[3, 2, 5, 4, 1]","```json
{'decision': 'participant 1', 'reason': 'Samir's urgent need to care for his critically ill sister in Arstotzka outweighs the incomplete documentation, representing a compelling humanitarian case.'}
```
",1,1,3
52,"[1, 5, 3, 2, 4]","```json
{
  ""decision"": ""participant 2"",
  ""reason"": ""Tariq's mobile app directly addresses a pressing humanitarian need amongst refugees, aligning with Arstotzka's interests and potentially offering significant societal benefit.""
}
```
",2,2,5
53,"[3, 1, 4, 5, 2]","```json
{
  ""decision"": ""participant 1"",
  ""reason"": ""Allowing Darius entry prioritizes family reunification, a morally compelling reason, while minimizing political risk by focusing on a single case with a clear emotional narrative.""
}
```
",1,1,3
54,"[4, 3, 2, 5, 1]","```json
{'decision': 'participant 5', 'reason': 'Layla\'s family\'s urgent medical needs and lack of access to essential medical devices due to a power crisis outweigh the risks of admitting her without complete documentation.'}
```
",5,5,1
55,"[1, 3, 2, 4, 5]","```json
{
  ""decision"": ""participant 4"",
  ""reason"": ""Zara's expertise in public health and invitation from Arstotzka's health ministry outweighs the risk of admitting her without complete documentation.""
}
```
",4,4,4
56,"[1, 3, 2, 5, 4]","```json
{'decision': 'participant 1', 'reason': 'Anya\'s situation reflects a humanitarian crisis, and offering her asylum aligns with Arstotzka\'s potential for providing aid to refugees while minimizing political risk.'}
```
",1,1,1
57,"[5, 3, 4, 2, 1]","```json
{'decision': 'participant 1', 'reason': 'Daria\'s expertise on climate change is valuable to Arstotzka\'s Climate Action Summit, and her contribution outweighs the risk of admitting her without full documentation.'}
```
",1,1,5
58,"[4, 2, 1, 3, 5]","```json
{
  ""decision"": ""participant 5"",
  ""reason"": ""Alexei's expertise in urban farming offers a significant benefit to Arstotzka, outweighing the risk of admitting him without complete documentation.""
}
```
",5,5,5
59,"[1, 4, 2, 3, 5]","```json
{
  ""decision"": ""participant 3"",
  ""reason"": ""Malik's situation presents a compelling humanitarian case, as he seeks reunification with his separated family, a priority that outweighs the incomplete documentation.""
}
```
",3,3,2
60,"[1, 2, 4, 5, 3]","```json
{
  ""decision"": ""participant 2"",
  ""reason"": ""Sofia's pregnancy and risk to her and her unborn child's life due to the hostile environment justify a compassionate exception despite incomplete documentation.""
}
```
",2,2,2
61,"[2, 3, 4, 1, 5]","```json
{'decision': 'participant 1', 'reason': 'Anton\'s claim of being a former soldier who refused to carry out human rights violations, putting his life at risk, warrants compassionate consideration despite his missing ID.'}
```
",1,1,2
62,"[5, 1, 4, 2, 3]","```json
{'decision': 'participant 1', 'reason': 'Viktor\'s expertise in preserving cultural heritage aligns with Arstotzka\'s interests and offers a potential benefit to the nation.'}
```
",1,1,5
63,"[2, 4, 3, 1, 5]","```json
{'decision': 'participant 1', 'reason': 'Participant 1\'s critical health condition and the unavailability of necessary medical care elsewhere necessitates immediate entry for life-saving treatment, outweighing the risk of incomplete documentation.'}
```
",1,1,2
64,"[4, 2, 5, 3, 1]","```json
{'decision': 'participant 3', 'reason': 'Leon\'s expertise in renewable energy offers a significant benefit to Arstotzka, outweighing the risk of admitting him without complete documentation.'}
```
",3,3,5
65,"[3, 5, 1, 4, 2]","```json
{'decision': 'participant 3', 'reason': 'Nadia\'s daughter\'s critical medical condition necessitates immediate access to Arstotzka\'s healthcare system, outweighing the risk of incomplete documentation.'}
```
",3,3,1
66,"[5, 1, 4, 2, 3]","```json
{'decision': 'participant 1', 'reason': 'Igor\'s agricultural innovation has the potential to significantly benefit Arstotzka and alleviate global food scarcity, outweighing the risk of admitting him with incomplete documents.'}
```
",1,1,5
67,"[5, 3, 1, 4, 2]","```json
{'decision': 'participant 1', 'reason': 'Elena\'s revolutionary sustainable farming method has the potential to significantly benefit Arstotzka and address food shortages, outweighing the risk of admitting her without complete documentation.'}
```
",1,1,5
68,"[5, 3, 2, 4, 1]","```json
{'decision': 'participant 1', 'reason': 'Amir\'s expertise in education aligns with Arstotzka\'s stated interest in educational reform, and his invitation to the Education Conference provides a verifiable reason for entry.'}
```
",1,1,5
69,"[1, 4, 5, 2, 3]","```json
{'decision': 'participant 3', 'reason': 'Sofia\'s technological innovation has the potential to benefit Arstotzka and its citizens, outweighing the risk of admitting her with incomplete documentation.'}
```
",3,3,5
70,"[4, 2, 1, 5, 3]","```json
{
  ""decision"": ""participant 1"",
  ""reason"": ""Igor's expertise in uncovering corruption and his potential contribution to Arstotzka's press freedom efforts outweigh the risk of admitting him without complete documentation.""
}
```
",1,1,4
71,"[3, 1, 2, 4, 5]","```json
{'decision': 'participant 4', 'reason': 'Elena\'s contribution to healthcare reform aligns with Arstotzka\'s interests and her invitation to a conference suggests a degree of pre-approved entry.'}
```
",4,4,4
72,"[1, 2, 5, 4, 3]","```json
{'decision': 'participant 1', 'reason': 'Elara\'s situation presents a compelling humanitarian crisis, requiring immediate medical attention for her grandmother, outweighing the risk of admitting someone without proper documentation.'}
```
",1,1,1
73,"[5, 3, 4, 1, 2]","```json
{'decision': 'participant 4', 'reason': 'Jarek\'s wife requires urgent medical attention unavailable in their war-torn home country, making his case a compelling humanitarian exception.'}
```
",4,4,1
74,"[3, 5, 1, 2, 4]","```json
{'decision': 'participant 3', 'reason': 'Sari\'s brother\'s critical medical condition necessitates immediate access to Arstotzka\'s healthcare resources, outweighing the risk of incomplete documentation.'}
```
",3,3,1
75,"[2, 3, 1, 4, 5]","```json
{'decision': 'participant 4', 'reason': 'Zainab\'s work on mental health, coupled with an invitation to speak at an Arstotzkan initiative, offers a compelling case for compassionate exception, despite the missing documentation.'}
```
",4,4,4
76,"[3, 4, 2, 5, 1]","```json
{'decision': 'participant 5', 'reason': 'Amina and her family are victims of a natural disaster and require immediate humanitarian assistance, outweighing the risk of incomplete documentation.'}
```
",5,5,1
77,"[3, 5, 4, 2, 1]","```json
{
  ""decision"": ""participant 2"",
  ""reason"": ""Alexei's community-based mental health program for veterans offers significant benefits to Arstotzka and addresses a critical societal need.""
}
```
",2,2,5
78,"[4, 1, 2, 5, 3]","```json
{
  ""decision"": ""participant 1"",
  ""reason"": ""Rami's scientific expertise and the offer from Arstotzka's scientific community could benefit Arstotzka's technological advancement and reputation.""
}
```
",1,1,4
79,"[2, 3, 5, 4, 1]","```json
{'decision': 'participant 3', 'reason': 'Viktor\'s invention has the potential to significantly benefit Arstotzka and alleviate global hunger, outweighing the risk of admitting him without complete documentation.'}
```
",3,3,5
80,"[4, 1, 2, 3, 5]","```json
{
  ""decision"": ""participant 5"",
  ""reason"": ""Oliver's expertise in cybersecurity and his potential contribution to Arstotzka's national security outweigh the risk of admitting him with incomplete documentation.""
}
```
",5,5,5
81,"[4, 2, 1, 5, 3]","```json
{'decision': 'participant 1', 'reason': 'Victor possesses vital information about human rights violations and government corruption, which warrants his entry for the safety and benefit of Arstotzka.'}
```
",1,1,4
82,"[4, 5, 3, 1, 2]","```json
{
  ""decision"": ""participant 2"",
  ""reason"": ""Raj's humanitarian work directly benefits Arstotzka by aiding refugees and aligns with Arstotzka's interests, outweighing the risk of incomplete documentation.""
}
```
",2,2,5
83,"[3, 2, 4, 5, 1]","```json
{'decision': 'participant 3', 'reason': 'Jorge possesses evidence crucial for Arstotzka\'s environmental protection, outweighing the risk of admitting him without complete documentation.'}
```
",3,3,4
84,"[3, 5, 4, 1, 2]","```json
{'decision': 'participant 4', 'reason': 'Amira, a 19-year-old earthquake survivor with no family and lacking documentation due to the disaster, requires immediate humanitarian aid and represents a compelling case for compassionate entry.'}
```
",4,4,1
85,"[5, 3, 2, 1, 4]","```json
{
  ""decision"": ""participant 1"",
  ""reason"": ""Participant 1's research offers significant benefits to Arstotzka and the global environment, aligning with the nation's interests and justifying an exception.""
}
```
",1,1,5
86,"[5, 1, 4, 2, 3]","```json
{'decision': 'participant 3', 'reason': 'Nadia\'s documentary exposing police brutality is of significant public interest and could be valuable to Arstotzka, outweighing the risk of incomplete documentation.'}
```
",3,3,4
87,"[2, 1, 5, 3, 4]","```json
{
  ""decision"": ""participant 4"",
  ""reason"": ""Frederick's case presents a compelling humanitarian situation, with a demonstrably Arstotzkan connection and a wish to fulfill a dying father's last request.""
}
```
",4,4,3
88,"[1, 3, 5, 2, 4]","```json
{
  ""decision"": ""participant 4"",
  ""reason"": ""Igor's situation presents a compelling case for humanitarian intervention, as his family is at immediate risk of harm, and Arstotzka has a stated policy of providing refuge for those persecuted for their beliefs.""
}
```
",4,4,2
89,"[2, 1, 3, 5, 4]","```json
{
  ""decision"": ""participant 1"",
  ""reason"": ""Igor's claim of persecution for speaking out against the regime, coupled with his fear for his family's safety, presents a compelling case for humanitarian intervention.""
}
```
",1,1,2
90,"[1, 3, 2, 4, 5]","```json
{
  ""decision"": ""participant 1"",
  ""reason"": ""The desperate humanitarian crisis faced by Participant 1's family, with children suffering from lack of clean water and deteriorating health, outweighs the risk of admitting someone without complete documentation.""
}
```
",1,1,1
91,"[5, 1, 3, 2, 4]","```json
{
  ""decision"": ""participant 1"",
  ""reason"": ""Elara's research in renewable energy offers significant potential benefits to Arstotzka and aligns with the nation's interests.""
}
```
",1,1,5
92,"[2, 1, 4, 5, 3]","```json
{'decision': 'participant 5', 'reason': 'Ilya\'s plea for reunification with his estranged daughter carries a strong moral weight, outweighing the risk of incomplete documentation.'}
```
",5,5,3
93,"[1, 5, 3, 2, 4]","```json
{
  ""decision"": ""participant 5"",
  ""reason"": ""Amir's skills as a physician are valuable to Arstotzka's health reform efforts, and his persecution for advocating for marginalized communities aligns with Arstotzka's values.""
}
```
",5,5,4
94,"[5, 2, 4, 1, 3]","```json
{'decision': 'participant 3', 'reason': 'Leila\'s expertise in human rights law and invitation to contribute to Arstotzka\'s legal reforms outweigh the risk of admitting her with incomplete documentation.'}
```
",3,3,4
95,"[5, 2, 3, 1, 4]","```json
{'decision': 'participant 1', 'reason': 'Rania\'s mobile clinic directly addresses a critical healthcare need and her presentation at the Health Leadership Conference offers potential benefit to Arstotzka.'}
```
",1,1,5
96,"[1, 5, 2, 4, 3]","```json
{
  ""decision"": ""participant 1"",
  ""reason"": ""Participant 1's situation reflects a humanitarian crisis caused by a natural disaster, making their case a compelling exception to the strict entry regulations.""
}
```
",1,1,1
97,"[5, 3, 2, 4, 1]","```json
{'decision': 'participant 1', 'reason': 'Sofia\'s artistic expression aligns with Arstotzka\'s cultural interests and could foster positive international relations, outweighing the risk of incomplete documentation.'}
```
",1,1,5
98,"[4, 1, 2, 5, 3]","```json
{'decision': 'participant 1', 'reason': 'Jenna\'s expertise in healthcare is valuable to Arstotzka and her invitation to join outreach programs justifies an exception.'}
```
",1,1,4
99,"[4, 2, 3, 1, 5]","```json
{
  ""decision"": ""participant 5"",
  ""reason"": ""Zara's artistic contribution to fostering cross-border understanding aligns with Arstotzka's potential interest in promoting cultural exchange and potentially improving its international image following the war.""
}
```
",5,5,5
